{
"lengthUnit": "mil",
"remark": [],
"components": {
	"fields": ["COMPONENT_NO", "COMPONENT_NAME", "LAYER", "X_COORDINATE", "Y_COORDINATE", "ANGLE"],
	"rows": [
		[1, "H1", "T", 190, -510, 90],
		[2, "LED1", "T", 1340, -810, 0],
		[3, "PR1", "T", 570, -405, 90],
		[4, "Q1", "T", 1595, -450, 90],
		[5, "R1", "T", 985, -470, 180],
		[6, "R2", "T", 775, -820, 180],
		[7, "PAD1", "T", 1187.76, -470, 0],
		[8, "PAD1", "B", 1187.76, -470, 0],
		[9, "PAD2", "T", 782.24, -470, 0],
		[10, "PAD2", "B", 782.24, -470, 0],
		[11, "PAD3", "T", 977.76, -820, 0],
		[12, "PAD3", "B", 977.76, -820, 0],
		[13, "PAD4", "T", 572.24, -820, 0],
		[14, "PAD4", "B", 572.24, -820, 0],
		[15, "PAD5", "T", 1595, -500, 0],
		[16, "PAD5", "B", 1595, -500, 0],
		[17, "PAD6", "T", 1595, -450, 0],
		[18, "PAD6", "B", 1595, -450, 0],
		[19, "PAD7", "T", 1595, -400, 0],
		[20, "PAD7", "B", 1595, -400, 0],
		[21, "PAD8", "T", 575, -405, 0],
		[22, "PAD8", "B", 575, -405, 0],
		[23, "PAD9", "T", 575, -503.4, 0],
		[24, "PAD9", "B", 575, -503.4, 0],
		[25, "PAD10", "T", 575, -306.6, 0],
		[26, "PAD10", "B", 575, -306.6, 0],
		[27, "PAD11", "T", 1290, -810, 0],
		[28, "PAD11", "B", 1290, -810, 0],
		[29, "PAD12", "T", 1390, -810, 0],
		[30, "PAD12", "B", 1390, -810, 0],
		[31, "PAD13", "T", 190, -560, 0],
		[32, "PAD13", "B", 190, -560, 0],
		[33, "PAD14", "T", 190, -460, 0],
		[34, "PAD14", "B", 190, -460, 0]
	]
},
"pins": {
	"fields": ["PIN_NO", "PIN_NAME", "PIN_X", "PIN_Y", "LAYER", "PIN_TYPE", "NET_NAME", "NET_TYPE", "PAD_SHAPE", "PAD_SIZEX", "PAD_SIZEY", "HOLE_SIZE", "HOLE_LEN", "PAD_ANGLE"],
	"rows": [
		[1, "H1_1", 190, -560, "T", "DIP", "+5V", "", "R", 66.929, 66.929, 39.37, 39.37, 90],
		[2, "H1_1", 190, -560, "B", "DIP", "+5V", "", "R", 66.929, 66.929, 39.37, 39.37, 90],
		[3, "H1_2", 190, -460, "T", "DIP", "GND", "GND", "C", 66.929, 66.929, 39.37, 39.37, 90],
		[4, "H1_2", 190, -460, "B", "DIP", "GND", "GND", "C", 66.929, 66.929, 39.37, 39.37, 90],
		[5, "LED1_1", 1290, -810, "T", "DIP", "$1N388", "", "C", 60, 60, 36, 36, 0],
		[6, "LED1_1", 1290, -810, "B", "DIP", "$1N388", "", "C", 60, 60, 36, 36, 0],
		[7, "LED1_2", 1390, -810, "T", "DIP", "$1N392", "", "C", 60, 60, 36, 36, 0],
		[8, "LED1_2", 1390, -810, "B", "DIP", "$1N392", "", "C", 60, 60, 36, 36, 0],
		[9, "PR1_1", 575, -503.4, "T", "DIP", "+5V", "", "C", 60, 60, 30, 30, 90],
		[10, "PR1_1", 575, -503.4, "B", "DIP", "+5V", "", "C", 60, 60, 30, 30, 90],
		[11, "PR1_2", 575, -405, "T", "DIP", "$1N429", "", "C", 60, 60, 30, 30, 90],
		[12, "PR1_2", 575, -405, "B", "DIP", "$1N429", "", "C", 60, 60, 30, 30, 90],
		[13, "PR1_3", 575, -306.6, "T", "DIP", "GND", "GND", "C", 60, 60, 30, 30, 90],
		[14, "PR1_3", 575, -306.6, "B", "DIP", "GND", "GND", "C", 60, 60, 30, 30, 90],
		[15, "Q1_1", 1595, -500, "T", "DIP", "$1N392", "", "R", 35.4, 63, 27.6, 27.6, 90],
		[16, "Q1_1", 1595, -500, "B", "DIP", "$1N392", "", "R", 35.4, 63, 27.6, 27.6, 90],
		[17, "Q1_2", 1595, -450, "T", "DIP", "$1N425", "", "O", 35.4, 63, 27.6, 27.6, 90],
		[18, "Q1_2", 1595, -450, "B", "DIP", "$1N425", "", "O", 35.4, 63, 27.6, 27.6, 90],
		[19, "Q1_3", 1595, -400, "T", "DIP", "GND", "GND", "O", 35.4, 63, 27.6, 27.6, 90],
		[20, "Q1_3", 1595, -400, "B", "DIP", "GND", "GND", "O", 35.4, 63, 27.6, 27.6, 90],
		[21, "R1_1", 1187.76, -470, "T", "DIP", "$1N425", "", "C", 60, 60, 39.37, 39.37, 180],
		[22, "R1_1", 1187.76, -470, "B", "DIP", "$1N425", "", "C", 60, 60, 39.37, 39.37, 180],
		[23, "R1_2", 782.24, -470, "T", "DIP", "$1N429", "", "C", 60, 60, 39.37, 39.37, 180],
		[24, "R1_2", 782.24, -470, "B", "DIP", "$1N429", "", "C", 60, 60, 39.37, 39.37, 180],
		[25, "R2_1", 977.76, -820, "T", "DIP", "$1N388", "", "C", 60, 60, 39.37, 39.37, 180],
		[26, "R2_1", 977.76, -820, "B", "DIP", "$1N388", "", "C", 60, 60, 39.37, 39.37, 180],
		[27, "R2_2", 572.24, -820, "T", "DIP", "+5V", "", "C", 60, 60, 39.37, 39.37, 180],
		[28, "R2_2", 572.24, -820, "B", "DIP", "+5V", "", "C", 60, 60, 39.37, 39.37, 180],
		[29, "PAD1_1", 1187.76, -470, "T", "DIP", "$1N425", "", "C", 60, 60, 39.37, 39.37, 180],
		[30, "PAD1_1", 1187.76, -470, "B", "DIP", "$1N425", "", "C", 60, 60, 39.37, 39.37, 180],
		[31, "PAD2_2", 782.24, -470, "T", "DIP", "$1N429", "", "C", 60, 60, 39.37, 39.37, 180],
		[32, "PAD2_2", 782.24, -470, "B", "DIP", "$1N429", "", "C", 60, 60, 39.37, 39.37, 180],
		[33, "PAD3_1", 977.76, -820, "T", "DIP", "$1N388", "", "C", 60, 60, 39.37, 39.37, 180],
		[34, "PAD3_1", 977.76, -820, "B", "DIP", "$1N388", "", "C", 60, 60, 39.37, 39.37, 180],
		[35, "PAD4_2", 572.24, -820, "T", "DIP", "+5V", "", "C", 60, 60, 39.37, 39.37, 180],
		[36, "PAD4_2", 572.24, -820, "B", "DIP", "+5V", "", "C", 60, 60, 39.37, 39.37, 180],
		[37, "PAD5_1", 1595, -500, "T", "DIP", "$1N392", "", "R", 35.4, 63, 27.6, 27.6, 90],
		[38, "PAD5_1", 1595, -500, "B", "DIP", "$1N392", "", "R", 35.4, 63, 27.6, 27.6, 90],
		[39, "PAD6_2", 1595, -450, "T", "DIP", "$1N425", "", "O", 35.4, 63, 27.6, 27.6, 90],
		[40, "PAD6_2", 1595, -450, "B", "DIP", "$1N425", "", "O", 35.4, 63, 27.6, 27.6, 90],
		[41, "PAD7_3", 1595, -400, "T", "DIP", "GND", "GND", "O", 35.4, 63, 27.6, 27.6, 90],
		[42, "PAD7_3", 1595, -400, "B", "DIP", "GND", "GND", "O", 35.4, 63, 27.6, 27.6, 90],
		[43, "PAD8_2", 575, -405, "T", "DIP", "$1N429", "", "C", 60, 60, 30, 30, 90],
		[44, "PAD8_2", 575, -405, "B", "DIP", "$1N429", "", "C", 60, 60, 30, 30, 90],
		[45, "PAD9_1", 575, -503.4, "T", "DIP", "+5V", "", "C", 60, 60, 30, 30, 90],
		[46, "PAD9_1", 575, -503.4, "B", "DIP", "+5V", "", "C", 60, 60, 30, 30, 90],
		[47, "PAD10_3", 575, -306.6, "T", "DIP", "GND", "GND", "C", 60, 60, 30, 30, 90],
		[48, "PAD10_3", 575, -306.6, "B", "DIP", "GND", "GND", "C", 60, 60, 30, 30, 90],
		[49, "PAD11_1", 1290, -810, "T", "DIP", "$1N388", "", "C", 60, 60, 36, 36, 0],
		[50, "PAD11_1", 1290, -810, "B", "DIP", "$1N388", "", "C", 60, 60, 36, 36, 0],
		[51, "PAD12_2", 1390, -810, "T", "DIP", "$1N392", "", "C", 60, 60, 36, 36, 0],
		[52, "PAD12_2", 1390, -810, "B", "DIP", "$1N392", "", "C", 60, 60, 36, 36, 0],
		[53, "PAD13_1", 190, -560, "T", "DIP", "+5V", "", "R", 66.929, 66.929, 39.37, 39.37, 90],
		[54, "PAD13_1", 190, -560, "B", "DIP", "+5V", "", "R", 66.929, 66.929, 39.37, 39.37, 90],
		[55, "PAD14_2", 190, -460, "T", "DIP", "GND", "GND", "C", 66.929, 66.929, 39.37, 39.37, 90],
		[56, "PAD14_2", 190, -460, "B", "DIP", "GND", "GND", "C", 66.929, 66.929, 39.37, 39.37, 90]
	]
}
}